Date,value,Model Code
2015-08-20,0.3897,model://CME_NYMEX_8K/US.NYMEX.CME.REGULAR.FUT.8K.2018M01/SETTLE/ALL
2015-08-21,0.37438,model://CME_NYMEX_8K/US.NYMEX.CME.REGULAR.FUT.8K.2018M01/SETTLE/ALL
2015-08-24,0.35089,model://CME_NYMEX_8K/US.NYMEX.CME.REGULAR.FUT.8K.2018M01/SETTLE/ALL
2015-08-25,0.34787,model://CME_NYMEX_8K/US.NYMEX.CME.REGULAR.FUT.8K.2018M01/SETTLE/ALL
2015-08-26,0.32908,model://CME_NYMEX_8K/US.NYMEX.CME.REGULAR.FUT.8K.2018M01/SETTLE/ALL
2015-08-27,0.35861,model://CME_NYMEX_8K/US.NYMEX.CME.REGULAR.FUT.8K.2018M01/SETTLE/ALL
2015-08-28,0.39944,model://CME_NYMEX_8K/US.NYMEX.CME.REGULAR.FUT.8K.2018M01/SETTLE/ALL
2015-08-31,0.40973,model://CME_NYMEX_8K/US.NYMEX.CME.REGULAR.FUT.8K.2018M01/SETTLE/ALL
2015-09-01,0.38356,model://CME_NYMEX_8K/US.NYMEX.CME.REGULAR.FUT.8K.2018M01/SETTLE/ALL
2015-09-02,0.40101,model://CME_NYMEX_8K/US.NYMEX.CME.REGULAR.FUT.8K.2018M01/SETTLE/ALL
2015-09-03,0.41494,model://CME_NYMEX_8K/US.NYMEX.CME.REGULAR.FUT.8K.2018M01/SETTLE/ALL
2015-09-04,0.39844,model://CME_NYMEX_8K/US.NYMEX.CME.REGULAR.FUT.8K.2018M01/SETTLE/ALL
2015-09-07,NaN,model://CME_NYMEX_8K/US.NYMEX.CME.REGULAR.FUT.8K.2018M01/SETTLE/ALL
2015-09-08,0.40381,model://CME_NYMEX_8K/US.NYMEX.CME.REGULAR.FUT.8K.2018M01/SETTLE/ALL
2015-09-09,0.38686,model://CME_NYMEX_8K/US.NYMEX.CME.REGULAR.FUT.8K.2018M01/SETTLE/ALL
2015-09-10,0.38798,model://CME_NYMEX_8K/US.NYMEX.CME.REGULAR.FUT.8K.2018M01/SETTLE/ALL
2015-09-11,0.3825,model://CME_NYMEX_8K/US.NYMEX.CME.REGULAR.FUT.8K.2018M01/SETTLE/ALL
2015-09-14,0.37042,model://CME_NYMEX_8K/US.NYMEX.CME.REGULAR.FUT.8K.2018M01/SETTLE/ALL
2015-09-15,0.37713,model://CME_NYMEX_8K/US.NYMEX.CME.REGULAR.FUT.8K.2018M01/SETTLE/ALL
2015-09-16,0.38658,model://CME_NYMEX_8K/US.NYMEX.CME.REGULAR.FUT.8K.2018M01/SETTLE/ALL
2015-09-17,0.38859,model://CME_NYMEX_8K/US.NYMEX.CME.REGULAR.FUT.8K.2018M01/SETTLE/ALL
2015-09-18,0.3755,model://CME_NYMEX_8K/US.NYMEX.CME.REGULAR.FUT.8K.2018M01/SETTLE/ALL
2015-09-21,0.39161,model://CME_NYMEX_8K/US.NYMEX.CME.REGULAR.FUT.8K.2018M01/SETTLE/ALL
2015-09-22,0.39161,model://CME_NYMEX_8K/US.NYMEX.CME.REGULAR.FUT.8K.2018M01/SETTLE/ALL
2015-09-23,0.39592,model://CME_NYMEX_8K/US.NYMEX.CME.REGULAR.FUT.8K.2018M01/SETTLE/ALL
2015-09-24,0.39525,model://CME_NYMEX_8K/US.NYMEX.CME.REGULAR.FUT.8K.2018M01/SETTLE/ALL
2015-09-25,0.39592,model://CME_NYMEX_8K/US.NYMEX.CME.REGULAR.FUT.8K.2018M01/SETTLE/ALL
2015-09-28,0.38921,model://CME_NYMEX_8K/US.NYMEX.CME.REGULAR.FUT.8K.2018M01/SETTLE/ALL
2015-09-29,0.35565,model://CME_NYMEX_8K/US.NYMEX.CME.REGULAR.FUT.8K.2018M01/SETTLE/ALL
2015-09-30,0.38193,model://CME_NYMEX_8K/US.NYMEX.CME.REGULAR.FUT.8K.2018M01/SETTLE/ALL
2015-10-01,0.37321,model://CME_NYMEX_8K/US.NYMEX.CME.REGULAR.FUT.8K.2018M01/SETTLE/ALL
2015-10-02,0.47375,model://CME_NYMEX_8K/US.NYMEX.CME.REGULAR.FUT.8K.2018M01/SETTLE/ALL
2015-10-05,0.48375,model://CME_NYMEX_8K/US.NYMEX.CME.REGULAR.FUT.8K.2018M01/SETTLE/ALL
2015-10-06,0.495,model://CME_NYMEX_8K/US.NYMEX.CME.REGULAR.FUT.8K.2018M01/SETTLE/ALL
2015-10-07,0.49125,model://CME_NYMEX_8K/US.NYMEX.CME.REGULAR.FUT.8K.2018M01/SETTLE/ALL
2015-10-08,0.48875,model://CME_NYMEX_8K/US.NYMEX.CME.REGULAR.FUT.8K.2018M01/SETTLE/ALL
2015-10-09,0.5025,model://CME_NYMEX_8K/US.NYMEX.CME.REGULAR.FUT.8K.2018M01/SETTLE/ALL
2015-10-12,0.49125,model://CME_NYMEX_8K/US.NYMEX.CME.REGULAR.FUT.8K.2018M01/SETTLE/ALL
2015-10-13,0.48625,model://CME_NYMEX_8K/US.NYMEX.CME.REGULAR.FUT.8K.2018M01/SETTLE/ALL
2015-10-14,0.47871,model://CME_NYMEX_8K/US.NYMEX.CME.REGULAR.FUT.8K.2018M01/SETTLE/ALL
2015-10-15,0.46081,model://CME_NYMEX_8K/US.NYMEX.CME.REGULAR.FUT.8K.2018M01/SETTLE/ALL
2015-10-16,0.48,model://CME_NYMEX_8K/US.NYMEX.CME.REGULAR.FUT.8K.2018M01/SETTLE/ALL
2015-10-19,0.46875,model://CME_NYMEX_8K/US.NYMEX.CME.REGULAR.FUT.8K.2018M01/SETTLE/ALL
2015-10-20,0.45757,model://CME_NYMEX_8K/US.NYMEX.CME.REGULAR.FUT.8K.2018M01/SETTLE/ALL
2015-10-21,0.4625,model://CME_NYMEX_8K/US.NYMEX.CME.REGULAR.FUT.8K.2018M01/SETTLE/ALL
2015-10-22,0.45968,model://CME_NYMEX_8K/US.NYMEX.CME.REGULAR.FUT.8K.2018M01/SETTLE/ALL
2015-10-23,0.4475,model://CME_NYMEX_8K/US.NYMEX.CME.REGULAR.FUT.8K.2018M01/SETTLE/ALL
2015-10-26,0.445,model://CME_NYMEX_8K/US.NYMEX.CME.REGULAR.FUT.8K.2018M01/SETTLE/ALL
2015-10-27,0.43625,model://CME_NYMEX_8K/US.NYMEX.CME.REGULAR.FUT.8K.2018M01/SETTLE/ALL
2015-10-28,0.46,model://CME_NYMEX_8K/US.NYMEX.CME.REGULAR.FUT.8K.2018M01/SETTLE/ALL
2015-10-29,0.46,model://CME_NYMEX_8K/US.NYMEX.CME.REGULAR.FUT.8K.2018M01/SETTLE/ALL
2015-10-30,0.46625,model://CME_NYMEX_8K/US.NYMEX.CME.REGULAR.FUT.8K.2018M01/SETTLE/ALL
2015-11-02,0.4575,model://CME_NYMEX_8K/US.NYMEX.CME.REGULAR.FUT.8K.2018M01/SETTLE/ALL
2015-11-03,0.48875,model://CME_NYMEX_8K/US.NYMEX.CME.REGULAR.FUT.8K.2018M01/SETTLE/ALL
2015-11-04,0.47958,model://CME_NYMEX_8K/US.NYMEX.CME.REGULAR.FUT.8K.2018M01/SETTLE/ALL
2015-11-05,0.48125,model://CME_NYMEX_8K/US.NYMEX.CME.REGULAR.FUT.8K.2018M01/SETTLE/ALL
2015-11-06,0.46125,model://CME_NYMEX_8K/US.NYMEX.CME.REGULAR.FUT.8K.2018M01/SETTLE/ALL
2015-11-09,0.455,model://CME_NYMEX_8K/US.NYMEX.CME.REGULAR.FUT.8K.2018M01/SETTLE/ALL
2015-11-10,0.46083,model://CME_NYMEX_8K/US.NYMEX.CME.REGULAR.FUT.8K.2018M01/SETTLE/ALL
2015-11-11,0.455,model://CME_NYMEX_8K/US.NYMEX.CME.REGULAR.FUT.8K.2018M01/SETTLE/ALL
2015-11-12,0.43349,model://CME_NYMEX_8K/US.NYMEX.CME.REGULAR.FUT.8K.2018M01/SETTLE/ALL
2015-11-13,0.42032,model://CME_NYMEX_8K/US.NYMEX.CME.REGULAR.FUT.8K.2018M01/SETTLE/ALL
2015-11-16,0.44,model://CME_NYMEX_8K/US.NYMEX.CME.REGULAR.FUT.8K.2018M01/SETTLE/ALL
2015-11-17,0.43375,model://CME_NYMEX_8K/US.NYMEX.CME.REGULAR.FUT.8K.2018M01/SETTLE/ALL
2015-11-18,0.41977,model://CME_NYMEX_8K/US.NYMEX.CME.REGULAR.FUT.8K.2018M01/SETTLE/ALL
2015-11-19,0.44875,model://CME_NYMEX_8K/US.NYMEX.CME.REGULAR.FUT.8K.2018M01/SETTLE/ALL
2015-11-20,0.43875,model://CME_NYMEX_8K/US.NYMEX.CME.REGULAR.FUT.8K.2018M01/SETTLE/ALL
2015-11-23,0.44375,model://CME_NYMEX_8K/US.NYMEX.CME.REGULAR.FUT.8K.2018M01/SETTLE/ALL
2015-11-24,0.45375,model://CME_NYMEX_8K/US.NYMEX.CME.REGULAR.FUT.8K.2018M01/SETTLE/ALL
2015-11-25,0.4375,model://CME_NYMEX_8K/US.NYMEX.CME.REGULAR.FUT.8K.2018M01/SETTLE/ALL
2015-11-26,NaN,model://CME_NYMEX_8K/US.NYMEX.CME.REGULAR.FUT.8K.2018M01/SETTLE/ALL
2015-11-27,0.4375,model://CME_NYMEX_8K/US.NYMEX.CME.REGULAR.FUT.8K.2018M01/SETTLE/ALL
2015-11-30,0.445,model://CME_NYMEX_8K/US.NYMEX.CME.REGULAR.FUT.8K.2018M01/SETTLE/ALL
2015-12-01,0.445,model://CME_NYMEX_8K/US.NYMEX.CME.REGULAR.FUT.8K.2018M01/SETTLE/ALL
2015-12-02,0.45375,model://CME_NYMEX_8K/US.NYMEX.CME.REGULAR.FUT.8K.2018M01/SETTLE/ALL
2015-12-03,0.44375,model://CME_NYMEX_8K/US.NYMEX.CME.REGULAR.FUT.8K.2018M01/SETTLE/ALL
2015-12-04,0.43375,model://CME_NYMEX_8K/US.NYMEX.CME.REGULAR.FUT.8K.2018M01/SETTLE/ALL
2015-12-07,0.4225,model://CME_NYMEX_8K/US.NYMEX.CME.REGULAR.FUT.8K.2018M01/SETTLE/ALL
2015-12-08,0.40875,model://CME_NYMEX_8K/US.NYMEX.CME.REGULAR.FUT.8K.2018M01/SETTLE/ALL
2015-12-09,0.39875,model://CME_NYMEX_8K/US.NYMEX.CME.REGULAR.FUT.8K.2018M01/SETTLE/ALL
2015-12-10,0.405,model://CME_NYMEX_8K/US.NYMEX.CME.REGULAR.FUT.8K.2018M01/SETTLE/ALL
2015-12-11,0.395,model://CME_NYMEX_8K/US.NYMEX.CME.REGULAR.FUT.8K.2018M01/SETTLE/ALL
2015-12-14,0.3825,model://CME_NYMEX_8K/US.NYMEX.CME.REGULAR.FUT.8K.2018M01/SETTLE/ALL
2015-12-15,0.38,model://CME_NYMEX_8K/US.NYMEX.CME.REGULAR.FUT.8K.2018M01/SETTLE/ALL
2015-12-16,0.37,model://CME_NYMEX_8K/US.NYMEX.CME.REGULAR.FUT.8K.2018M01/SETTLE/ALL
2015-12-17,0.37,model://CME_NYMEX_8K/US.NYMEX.CME.REGULAR.FUT.8K.2018M01/SETTLE/ALL
2015-12-18,0.3775,model://CME_NYMEX_8K/US.NYMEX.CME.REGULAR.FUT.8K.2018M01/SETTLE/ALL
2015-12-21,0.36625,model://CME_NYMEX_8K/US.NYMEX.CME.REGULAR.FUT.8K.2018M01/SETTLE/ALL
2015-12-22,0.3725,model://CME_NYMEX_8K/US.NYMEX.CME.REGULAR.FUT.8K.2018M01/SETTLE/ALL
2015-12-23,0.39375,model://CME_NYMEX_8K/US.NYMEX.CME.REGULAR.FUT.8K.2018M01/SETTLE/ALL
2015-12-24,0.39375,model://CME_NYMEX_8K/US.NYMEX.CME.REGULAR.FUT.8K.2018M01/SETTLE/ALL
2015-12-25,NaN,model://CME_NYMEX_8K/US.NYMEX.CME.REGULAR.FUT.8K.2018M01/SETTLE/ALL
2015-12-28,0.39,model://CME_NYMEX_8K/US.NYMEX.CME.REGULAR.FUT.8K.2018M01/SETTLE/ALL
2015-12-29,0.39875,model://CME_NYMEX_8K/US.NYMEX.CME.REGULAR.FUT.8K.2018M01/SETTLE/ALL
2015-12-30,0.39125,model://CME_NYMEX_8K/US.NYMEX.CME.REGULAR.FUT.8K.2018M01/SETTLE/ALL
2015-12-31,0.40875,model://CME_NYMEX_8K/US.NYMEX.CME.REGULAR.FUT.8K.2018M01/SETTLE/ALL
2016-01-01,NaN,model://CME_NYMEX_8K/US.NYMEX.CME.REGULAR.FUT.8K.2018M01/SETTLE/ALL
2016-01-04,0.41875,model://CME_NYMEX_8K/US.NYMEX.CME.REGULAR.FUT.8K.2018M01/SETTLE/ALL
2016-01-05,0.40875,model://CME_NYMEX_8K/US.NYMEX.CME.REGULAR.FUT.8K.2018M01/SETTLE/ALL
2016-01-06,0.3925,model://CME_NYMEX_8K/US.NYMEX.CME.REGULAR.FUT.8K.2018M01/SETTLE/ALL
2016-01-07,0.37125,model://CME_NYMEX_8K/US.NYMEX.CME.REGULAR.FUT.8K.2018M01/SETTLE/ALL
2016-01-08,0.3675,model://CME_NYMEX_8K/US.NYMEX.CME.REGULAR.FUT.8K.2018M01/SETTLE/ALL
2016-01-11,0.3525,model://CME_NYMEX_8K/US.NYMEX.CME.REGULAR.FUT.8K.2018M01/SETTLE/ALL
2016-01-12,0.355,model://CME_NYMEX_8K/US.NYMEX.CME.REGULAR.FUT.8K.2018M01/SETTLE/ALL
2016-01-13,0.365,model://CME_NYMEX_8K/US.NYMEX.CME.REGULAR.FUT.8K.2018M01/SETTLE/ALL
2016-01-14,0.3575,model://CME_NYMEX_8K/US.NYMEX.CME.REGULAR.FUT.8K.2018M01/SETTLE/ALL
2016-01-15,0.33375,model://CME_NYMEX_8K/US.NYMEX.CME.REGULAR.FUT.8K.2018M01/SETTLE/ALL
2016-01-18,NaN,model://CME_NYMEX_8K/US.NYMEX.CME.REGULAR.FUT.8K.2018M01/SETTLE/ALL
2016-01-19,0.32875,model://CME_NYMEX_8K/US.NYMEX.CME.REGULAR.FUT.8K.2018M01/SETTLE/ALL
2016-01-20,0.33125,model://CME_NYMEX_8K/US.NYMEX.CME.REGULAR.FUT.8K.2018M01/SETTLE/ALL
2016-01-21,0.345,model://CME_NYMEX_8K/US.NYMEX.CME.REGULAR.FUT.8K.2018M01/SETTLE/ALL
2016-01-22,0.3525,model://CME_NYMEX_8K/US.NYMEX.CME.REGULAR.FUT.8K.2018M01/SETTLE/ALL
2016-01-25,0.33375,model://CME_NYMEX_8K/US.NYMEX.CME.REGULAR.FUT.8K.2018M01/SETTLE/ALL
2016-01-26,0.32875,model://CME_NYMEX_8K/US.NYMEX.CME.REGULAR.FUT.8K.2018M01/SETTLE/ALL
2016-01-27,0.355,model://CME_NYMEX_8K/US.NYMEX.CME.REGULAR.FUT.8K.2018M01/SETTLE/ALL
2016-01-28,0.3725,model://CME_NYMEX_8K/US.NYMEX.CME.REGULAR.FUT.8K.2018M01/SETTLE/ALL
2016-01-29,0.38375,model://CME_NYMEX_8K/US.NYMEX.CME.REGULAR.FUT.8K.2018M01/SETTLE/ALL
2016-02-01,0.3825,model://CME_NYMEX_8K/US.NYMEX.CME.REGULAR.FUT.8K.2018M01/SETTLE/ALL
2016-02-02,0.3625,model://CME_NYMEX_8K/US.NYMEX.CME.REGULAR.FUT.8K.2018M01/SETTLE/ALL
2016-02-03,0.39563,model://CME_NYMEX_8K/US.NYMEX.CME.REGULAR.FUT.8K.2018M01/SETTLE/ALL
2016-02-04,0.39625,model://CME_NYMEX_8K/US.NYMEX.CME.REGULAR.FUT.8K.2018M01/SETTLE/ALL
2016-02-05,0.40188,model://CME_NYMEX_8K/US.NYMEX.CME.REGULAR.FUT.8K.2018M01/SETTLE/ALL
2016-02-08,0.39813,model://CME_NYMEX_8K/US.NYMEX.CME.REGULAR.FUT.8K.2018M01/SETTLE/ALL
2016-02-09,0.38875,model://CME_NYMEX_8K/US.NYMEX.CME.REGULAR.FUT.8K.2018M01/SETTLE/ALL
2016-02-10,0.3925,model://CME_NYMEX_8K/US.NYMEX.CME.REGULAR.FUT.8K.2018M01/SETTLE/ALL
2016-02-11,0.37,model://CME_NYMEX_8K/US.NYMEX.CME.REGULAR.FUT.8K.2018M01/SETTLE/ALL
2016-02-12,0.41125,model://CME_NYMEX_8K/US.NYMEX.CME.REGULAR.FUT.8K.2018M01/SETTLE/ALL
2016-02-15,NaN,model://CME_NYMEX_8K/US.NYMEX.CME.REGULAR.FUT.8K.2018M01/SETTLE/ALL
2016-02-16,0.4025,model://CME_NYMEX_8K/US.NYMEX.CME.REGULAR.FUT.8K.2018M01/SETTLE/ALL
2016-02-17,0.41125,model://CME_NYMEX_8K/US.NYMEX.CME.REGULAR.FUT.8K.2018M01/SETTLE/ALL
2016-02-18,0.41313,model://CME_NYMEX_8K/US.NYMEX.CME.REGULAR.FUT.8K.2018M01/SETTLE/ALL
2016-02-19,0.40563,model://CME_NYMEX_8K/US.NYMEX.CME.REGULAR.FUT.8K.2018M01/SETTLE/ALL
2016-02-22,0.40813,model://CME_NYMEX_8K/US.NYMEX.CME.REGULAR.FUT.8K.2018M01/SETTLE/ALL
2016-02-23,0.41625,model://CME_NYMEX_8K/US.NYMEX.CME.REGULAR.FUT.8K.2018M01/SETTLE/ALL
2016-02-24,0.42,model://CME_NYMEX_8K/US.NYMEX.CME.REGULAR.FUT.8K.2018M01/SETTLE/ALL
2016-02-25,0.43313,model://CME_NYMEX_8K/US.NYMEX.CME.REGULAR.FUT.8K.2018M01/SETTLE/ALL
2016-02-26,0.44375,model://CME_NYMEX_8K/US.NYMEX.CME.REGULAR.FUT.8K.2018M01/SETTLE/ALL
2016-02-29,0.44,model://CME_NYMEX_8K/US.NYMEX.CME.REGULAR.FUT.8K.2018M01/SETTLE/ALL
2016-03-01,0.43563,model://CME_NYMEX_8K/US.NYMEX.CME.REGULAR.FUT.8K.2018M01/SETTLE/ALL
2016-03-02,0.43625,model://CME_NYMEX_8K/US.NYMEX.CME.REGULAR.FUT.8K.2018M01/SETTLE/ALL
2016-03-03,0.445,model://CME_NYMEX_8K/US.NYMEX.CME.REGULAR.FUT.8K.2018M01/SETTLE/ALL
2016-03-04,0.46458,model://CME_NYMEX_8K/US.NYMEX.CME.REGULAR.FUT.8K.2018M01/SETTLE/ALL
2016-03-07,0.50375,model://CME_NYMEX_8K/US.NYMEX.CME.REGULAR.FUT.8K.2018M01/SETTLE/ALL
2016-03-08,0.4825,model://CME_NYMEX_8K/US.NYMEX.CME.REGULAR.FUT.8K.2018M01/SETTLE/ALL
2016-03-09,0.49813,model://CME_NYMEX_8K/US.NYMEX.CME.REGULAR.FUT.8K.2018M01/SETTLE/ALL
2016-03-10,0.49625,model://CME_NYMEX_8K/US.NYMEX.CME.REGULAR.FUT.8K.2018M01/SETTLE/ALL
2016-03-11,0.49688,model://CME_NYMEX_8K/US.NYMEX.CME.REGULAR.FUT.8K.2018M01/SETTLE/ALL
2016-03-14,0.485,model://CME_NYMEX_8K/US.NYMEX.CME.REGULAR.FUT.8K.2018M01/SETTLE/ALL
2016-03-15,0.47625,model://CME_NYMEX_8K/US.NYMEX.CME.REGULAR.FUT.8K.2018M01/SETTLE/ALL
2016-03-16,0.49125,model://CME_NYMEX_8K/US.NYMEX.CME.REGULAR.FUT.8K.2018M01/SETTLE/ALL
2016-03-17,0.4775,model://CME_NYMEX_8K/US.NYMEX.CME.REGULAR.FUT.8K.2018M01/SETTLE/ALL
2016-03-18,0.47063,model://CME_NYMEX_8K/US.NYMEX.CME.REGULAR.FUT.8K.2018M01/SETTLE/ALL
2016-03-21,0.47375,model://CME_NYMEX_8K/US.NYMEX.CME.REGULAR.FUT.8K.2018M01/SETTLE/ALL
2016-03-22,0.47438,model://CME_NYMEX_8K/US.NYMEX.CME.REGULAR.FUT.8K.2018M01/SETTLE/ALL
2016-03-23,0.46688,model://CME_NYMEX_8K/US.NYMEX.CME.REGULAR.FUT.8K.2018M01/SETTLE/ALL
2016-03-24,0.46063,model://CME_NYMEX_8K/US.NYMEX.CME.REGULAR.FUT.8K.2018M01/SETTLE/ALL
2016-03-25,NaN,model://CME_NYMEX_8K/US.NYMEX.CME.REGULAR.FUT.8K.2018M01/SETTLE/ALL
2016-03-28,0.45875,model://CME_NYMEX_8K/US.NYMEX.CME.REGULAR.FUT.8K.2018M01/SETTLE/ALL
2016-03-29,0.45313,model://CME_NYMEX_8K/US.NYMEX.CME.REGULAR.FUT.8K.2018M01/SETTLE/ALL
2016-03-30,0.46125,model://CME_NYMEX_8K/US.NYMEX.CME.REGULAR.FUT.8K.2018M01/SETTLE/ALL
2016-03-31,0.45813,model://CME_NYMEX_8K/US.NYMEX.CME.REGULAR.FUT.8K.2018M01/SETTLE/ALL
2016-04-01,0.45375,model://CME_NYMEX_8K/US.NYMEX.CME.REGULAR.FUT.8K.2018M01/SETTLE/ALL
2016-04-04,0.44813,model://CME_NYMEX_8K/US.NYMEX.CME.REGULAR.FUT.8K.2018M01/SETTLE/ALL
2016-04-05,0.44875,model://CME_NYMEX_8K/US.NYMEX.CME.REGULAR.FUT.8K.2018M01/SETTLE/ALL
2016-04-06,0.45188,model://CME_NYMEX_8K/US.NYMEX.CME.REGULAR.FUT.8K.2018M01/SETTLE/ALL
2016-04-07,0.44375,model://CME_NYMEX_8K/US.NYMEX.CME.REGULAR.FUT.8K.2018M01/SETTLE/ALL
2016-04-08,0.46188,model://CME_NYMEX_8K/US.NYMEX.CME.REGULAR.FUT.8K.2018M01/SETTLE/ALL
2016-04-11,0.47375,model://CME_NYMEX_8K/US.NYMEX.CME.REGULAR.FUT.8K.2018M01/SETTLE/ALL
2016-04-12,0.48,model://CME_NYMEX_8K/US.NYMEX.CME.REGULAR.FUT.8K.2018M01/SETTLE/ALL
2016-04-13,0.47813,model://CME_NYMEX_8K/US.NYMEX.CME.REGULAR.FUT.8K.2018M01/SETTLE/ALL
2016-04-14,0.47875,model://CME_NYMEX_8K/US.NYMEX.CME.REGULAR.FUT.8K.2018M01/SETTLE/ALL
2016-04-15,0.46625,model://CME_NYMEX_8K/US.NYMEX.CME.REGULAR.FUT.8K.2018M01/SETTLE/ALL
2016-04-18,0.45778,model://CME_NYMEX_8K/US.NYMEX.CME.REGULAR.FUT.8K.2018M01/SETTLE/ALL
2016-04-19,0.46625,model://CME_NYMEX_8K/US.NYMEX.CME.REGULAR.FUT.8K.2018M01/SETTLE/ALL
2016-04-20,0.47625,model://CME_NYMEX_8K/US.NYMEX.CME.REGULAR.FUT.8K.2018M01/SETTLE/ALL
2016-04-21,0.48125,model://CME_NYMEX_8K/US.NYMEX.CME.REGULAR.FUT.8K.2018M01/SETTLE/ALL
2016-04-22,0.495,model://CME_NYMEX_8K/US.NYMEX.CME.REGULAR.FUT.8K.2018M01/SETTLE/ALL
2016-04-25,0.4775,model://CME_NYMEX_8K/US.NYMEX.CME.REGULAR.FUT.8K.2018M01/SETTLE/ALL
2016-04-26,0.47688,model://CME_NYMEX_8K/US.NYMEX.CME.REGULAR.FUT.8K.2018M01/SETTLE/ALL
2016-04-27,0.49438,model://CME_NYMEX_8K/US.NYMEX.CME.REGULAR.FUT.8K.2018M01/SETTLE/ALL
2016-04-28,0.5,model://CME_NYMEX_8K/US.NYMEX.CME.REGULAR.FUT.8K.2018M01/SETTLE/ALL
2016-04-29,0.48625,model://CME_NYMEX_8K/US.NYMEX.CME.REGULAR.FUT.8K.2018M01/SETTLE/ALL
2016-05-02,0.49438,model://CME_NYMEX_8K/US.NYMEX.CME.REGULAR.FUT.8K.2018M01/SETTLE/ALL
2016-05-03,0.48625,model://CME_NYMEX_8K/US.NYMEX.CME.REGULAR.FUT.8K.2018M01/SETTLE/ALL
2016-05-04,0.48625,model://CME_NYMEX_8K/US.NYMEX.CME.REGULAR.FUT.8K.2018M01/SETTLE/ALL
2016-05-05,0.49125,model://CME_NYMEX_8K/US.NYMEX.CME.REGULAR.FUT.8K.2018M01/SETTLE/ALL
2016-05-06,0.48968,model://CME_NYMEX_8K/US.NYMEX.CME.REGULAR.FUT.8K.2018M01/SETTLE/ALL
2016-05-09,0.46973,model://CME_NYMEX_8K/US.NYMEX.CME.REGULAR.FUT.8K.2018M01/SETTLE/ALL
2016-05-10,0.48125,model://CME_NYMEX_8K/US.NYMEX.CME.REGULAR.FUT.8K.2018M01/SETTLE/ALL
2016-05-11,0.5025,model://CME_NYMEX_8K/US.NYMEX.CME.REGULAR.FUT.8K.2018M01/SETTLE/ALL
2016-05-12,0.51125,model://CME_NYMEX_8K/US.NYMEX.CME.REGULAR.FUT.8K.2018M01/SETTLE/ALL
2016-05-13,0.5275,model://CME_NYMEX_8K/US.NYMEX.CME.REGULAR.FUT.8K.2018M01/SETTLE/ALL
2016-05-16,0.54875,model://CME_NYMEX_8K/US.NYMEX.CME.REGULAR.FUT.8K.2018M01/SETTLE/ALL
2016-05-17,0.5525,model://CME_NYMEX_8K/US.NYMEX.CME.REGULAR.FUT.8K.2018M01/SETTLE/ALL
2016-05-18,0.53875,model://CME_NYMEX_8K/US.NYMEX.CME.REGULAR.FUT.8K.2018M01/SETTLE/ALL
2016-05-19,0.53125,model://CME_NYMEX_8K/US.NYMEX.CME.REGULAR.FUT.8K.2018M01/SETTLE/ALL
2016-05-20,0.5175,model://CME_NYMEX_8K/US.NYMEX.CME.REGULAR.FUT.8K.2018M01/SETTLE/ALL
2016-05-23,0.5175,model://CME_NYMEX_8K/US.NYMEX.CME.REGULAR.FUT.8K.2018M01/SETTLE/ALL
2016-05-24,0.52,model://CME_NYMEX_8K/US.NYMEX.CME.REGULAR.FUT.8K.2018M01/SETTLE/ALL
2016-05-25,0.52,model://CME_NYMEX_8K/US.NYMEX.CME.REGULAR.FUT.8K.2018M01/SETTLE/ALL
2016-05-26,0.52875,model://CME_NYMEX_8K/US.NYMEX.CME.REGULAR.FUT.8K.2018M01/SETTLE/ALL
2016-05-27,0.52,model://CME_NYMEX_8K/US.NYMEX.CME.REGULAR.FUT.8K.2018M01/SETTLE/ALL
2016-05-30,NaN,model://CME_NYMEX_8K/US.NYMEX.CME.REGULAR.FUT.8K.2018M01/SETTLE/ALL
2016-05-31,0.525,model://CME_NYMEX_8K/US.NYMEX.CME.REGULAR.FUT.8K.2018M01/SETTLE/ALL
2016-06-01,0.52125,model://CME_NYMEX_8K/US.NYMEX.CME.REGULAR.FUT.8K.2018M01/SETTLE/ALL
2016-06-02,0.505,model://CME_NYMEX_8K/US.NYMEX.CME.REGULAR.FUT.8K.2018M01/SETTLE/ALL
2016-06-03,0.49875,model://CME_NYMEX_8K/US.NYMEX.CME.REGULAR.FUT.8K.2018M01/SETTLE/ALL
2016-06-06,0.5075,model://CME_NYMEX_8K/US.NYMEX.CME.REGULAR.FUT.8K.2018M01/SETTLE/ALL
2016-06-07,0.505,model://CME_NYMEX_8K/US.NYMEX.CME.REGULAR.FUT.8K.2018M01/SETTLE/ALL
2016-06-08,0.53,model://CME_NYMEX_8K/US.NYMEX.CME.REGULAR.FUT.8K.2018M01/SETTLE/ALL
2016-06-09,0.5309,model://CME_NYMEX_8K/US.NYMEX.CME.REGULAR.FUT.8K.2018M01/SETTLE/ALL
2016-06-10,0.5175,model://CME_NYMEX_8K/US.NYMEX.CME.REGULAR.FUT.8K.2018M01/SETTLE/ALL
2016-06-13,0.52,model://CME_NYMEX_8K/US.NYMEX.CME.REGULAR.FUT.8K.2018M01/SETTLE/ALL
2016-06-14,0.5025,model://CME_NYMEX_8K/US.NYMEX.CME.REGULAR.FUT.8K.2018M01/SETTLE/ALL
2016-06-15,0.53,model://CME_NYMEX_8K/US.NYMEX.CME.REGULAR.FUT.8K.2018M01/SETTLE/ALL
2016-06-16,0.5225,model://CME_NYMEX_8K/US.NYMEX.CME.REGULAR.FUT.8K.2018M01/SETTLE/ALL
2016-06-17,0.53875,model://CME_NYMEX_8K/US.NYMEX.CME.REGULAR.FUT.8K.2018M01/SETTLE/ALL
2016-06-20,0.55,model://CME_NYMEX_8K/US.NYMEX.CME.REGULAR.FUT.8K.2018M01/SETTLE/ALL
2016-06-21,0.54375,model://CME_NYMEX_8K/US.NYMEX.CME.REGULAR.FUT.8K.2018M01/SETTLE/ALL
2016-06-22,0.54125,model://CME_NYMEX_8K/US.NYMEX.CME.REGULAR.FUT.8K.2018M01/SETTLE/ALL
2016-06-23,0.55125,model://CME_NYMEX_8K/US.NYMEX.CME.REGULAR.FUT.8K.2018M01/SETTLE/ALL
2016-06-24,0.5425,model://CME_NYMEX_8K/US.NYMEX.CME.REGULAR.FUT.8K.2018M01/SETTLE/ALL
2016-06-27,0.53875,model://CME_NYMEX_8K/US.NYMEX.CME.REGULAR.FUT.8K.2018M01/SETTLE/ALL
2016-06-28,0.53875,model://CME_NYMEX_8K/US.NYMEX.CME.REGULAR.FUT.8K.2018M01/SETTLE/ALL
2016-06-29,0.5425,model://CME_NYMEX_8K/US.NYMEX.CME.REGULAR.FUT.8K.2018M01/SETTLE/ALL
2016-06-30,0.54625,model://CME_NYMEX_8K/US.NYMEX.CME.REGULAR.FUT.8K.2018M01/SETTLE/ALL
2016-07-01,0.545,model://CME_NYMEX_8K/US.NYMEX.CME.REGULAR.FUT.8K.2018M01/SETTLE/ALL
2016-07-04,NaN,model://CME_NYMEX_8K/US.NYMEX.CME.REGULAR.FUT.8K.2018M01/SETTLE/ALL
2016-07-05,0.53125,model://CME_NYMEX_8K/US.NYMEX.CME.REGULAR.FUT.8K.2018M01/SETTLE/ALL
2016-07-06,0.55,model://CME_NYMEX_8K/US.NYMEX.CME.REGULAR.FUT.8K.2018M01/SETTLE/ALL
2016-07-07,0.53438,model://CME_NYMEX_8K/US.NYMEX.CME.REGULAR.FUT.8K.2018M01/SETTLE/ALL
2016-07-08,0.525,model://CME_NYMEX_8K/US.NYMEX.CME.REGULAR.FUT.8K.2018M01/SETTLE/ALL
2016-07-11,0.52063,model://CME_NYMEX_8K/US.NYMEX.CME.REGULAR.FUT.8K.2018M01/SETTLE/ALL
2016-07-12,0.51875,model://CME_NYMEX_8K/US.NYMEX.CME.REGULAR.FUT.8K.2018M01/SETTLE/ALL
2016-07-13,0.52208,model://CME_NYMEX_8K/US.NYMEX.CME.REGULAR.FUT.8K.2018M01/SETTLE/ALL
2016-07-14,0.54063,model://CME_NYMEX_8K/US.NYMEX.CME.REGULAR.FUT.8K.2018M01/SETTLE/ALL
2016-07-15,0.54438,model://CME_NYMEX_8K/US.NYMEX.CME.REGULAR.FUT.8K.2018M01/SETTLE/ALL
2016-07-18,0.535,model://CME_NYMEX_8K/US.NYMEX.CME.REGULAR.FUT.8K.2018M01/SETTLE/ALL
2016-07-19,0.53333,model://CME_NYMEX_8K/US.NYMEX.CME.REGULAR.FUT.8K.2018M01/SETTLE/ALL
2016-07-20,0.52813,model://CME_NYMEX_8K/US.NYMEX.CME.REGULAR.FUT.8K.2018M01/SETTLE/ALL
2016-07-21,0.51,model://CME_NYMEX_8K/US.NYMEX.CME.REGULAR.FUT.8K.2018M01/SETTLE/ALL
2016-07-22,0.52333,model://CME_NYMEX_8K/US.NYMEX.CME.REGULAR.FUT.8K.2018M01/SETTLE/ALL
2016-07-25,0.51542,model://CME_NYMEX_8K/US.NYMEX.CME.REGULAR.FUT.8K.2018M01/SETTLE/ALL
2016-07-26,0.52497,model://CME_NYMEX_8K/US.NYMEX.CME.REGULAR.FUT.8K.2018M01/SETTLE/ALL
2016-07-27,0.52375,model://CME_NYMEX_8K/US.NYMEX.CME.REGULAR.FUT.8K.2018M01/SETTLE/ALL
2016-07-28,0.51125,model://CME_NYMEX_8K/US.NYMEX.CME.REGULAR.FUT.8K.2018M01/SETTLE/ALL
2016-07-29,0.51542,model://CME_NYMEX_8K/US.NYMEX.CME.REGULAR.FUT.8K.2018M01/SETTLE/ALL
2016-08-01,0.50813,model://CME_NYMEX_8K/US.NYMEX.CME.REGULAR.FUT.8K.2018M01/SETTLE/ALL
2016-08-02,0.51375,model://CME_NYMEX_8K/US.NYMEX.CME.REGULAR.FUT.8K.2018M01/SETTLE/ALL
2016-08-03,0.52125,model://CME_NYMEX_8K/US.NYMEX.CME.REGULAR.FUT.8K.2018M01/SETTLE/ALL
2016-08-04,0.515,model://CME_NYMEX_8K/US.NYMEX.CME.REGULAR.FUT.8K.2018M01/SETTLE/ALL
2016-08-05,0.5225,model://CME_NYMEX_8K/US.NYMEX.CME.REGULAR.FUT.8K.2018M01/SETTLE/ALL
2016-08-08,0.52958,model://CME_NYMEX_8K/US.NYMEX.CME.REGULAR.FUT.8K.2018M01/SETTLE/ALL
2016-08-09,0.525,model://CME_NYMEX_8K/US.NYMEX.CME.REGULAR.FUT.8K.2018M01/SETTLE/ALL
2016-08-10,0.525,model://CME_NYMEX_8K/US.NYMEX.CME.REGULAR.FUT.8K.2018M01/SETTLE/ALL
2016-08-11,0.54458,model://CME_NYMEX_8K/US.NYMEX.CME.REGULAR.FUT.8K.2018M01/SETTLE/ALL
2016-08-12,0.53938,model://CME_NYMEX_8K/US.NYMEX.CME.REGULAR.FUT.8K.2018M01/SETTLE/ALL
2016-08-15,0.54792,model://CME_NYMEX_8K/US.NYMEX.CME.REGULAR.FUT.8K.2018M01/SETTLE/ALL
2016-08-16,0.54583,model://CME_NYMEX_8K/US.NYMEX.CME.REGULAR.FUT.8K.2018M01/SETTLE/ALL
2016-08-17,0.54458,model://CME_NYMEX_8K/US.NYMEX.CME.REGULAR.FUT.8K.2018M01/SETTLE/ALL
2016-08-18,0.5575,model://CME_NYMEX_8K/US.NYMEX.CME.REGULAR.FUT.8K.2018M01/SETTLE/ALL
2016-08-19,0.55542,model://CME_NYMEX_8K/US.NYMEX.CME.REGULAR.FUT.8K.2018M01/SETTLE/ALL
2016-08-22,0.54417,model://CME_NYMEX_8K/US.NYMEX.CME.REGULAR.FUT.8K.2018M01/SETTLE/ALL
2016-08-23,0.54458,model://CME_NYMEX_8K/US.NYMEX.CME.REGULAR.FUT.8K.2018M01/SETTLE/ALL
2016-08-24,0.55,model://CME_NYMEX_8K/US.NYMEX.CME.REGULAR.FUT.8K.2018M01/SETTLE/ALL
2016-08-25,0.55208,model://CME_NYMEX_8K/US.NYMEX.CME.REGULAR.FUT.8K.2018M01/SETTLE/ALL
2016-08-26,0.55542,model://CME_NYMEX_8K/US.NYMEX.CME.REGULAR.FUT.8K.2018M01/SETTLE/ALL
2016-08-29,0.55125,model://CME_NYMEX_8K/US.NYMEX.CME.REGULAR.FUT.8K.2018M01/SETTLE/ALL
2016-08-30,0.53667,model://CME_NYMEX_8K/US.NYMEX.CME.REGULAR.FUT.8K.2018M01/SETTLE/ALL
2016-08-31,0.52042,model://CME_NYMEX_8K/US.NYMEX.CME.REGULAR.FUT.8K.2018M01/SETTLE/ALL
2016-09-01,0.505,model://CME_NYMEX_8K/US.NYMEX.CME.REGULAR.FUT.8K.2018M01/SETTLE/ALL
2016-09-02,0.51583,model://CME_NYMEX_8K/US.NYMEX.CME.REGULAR.FUT.8K.2018M01/SETTLE/ALL
2016-09-05,NaN,model://CME_NYMEX_8K/US.NYMEX.CME.REGULAR.FUT.8K.2018M01/SETTLE/ALL
2016-09-06,0.5225,model://CME_NYMEX_8K/US.NYMEX.CME.REGULAR.FUT.8K.2018M01/SETTLE/ALL
2016-09-07,0.53083,model://CME_NYMEX_8K/US.NYMEX.CME.REGULAR.FUT.8K.2018M01/SETTLE/ALL
2016-09-08,0.55688,model://CME_NYMEX_8K/US.NYMEX.CME.REGULAR.FUT.8K.2018M01/SETTLE/ALL
2016-09-09,0.53917,model://CME_NYMEX_8K/US.NYMEX.CME.REGULAR.FUT.8K.2018M01/SETTLE/ALL
2016-09-12,0.53125,model://CME_NYMEX_8K/US.NYMEX.CME.REGULAR.FUT.8K.2018M01/SETTLE/ALL
2016-09-13,0.53583,model://CME_NYMEX_8K/US.NYMEX.CME.REGULAR.FUT.8K.2018M01/SETTLE/ALL
2016-09-14,0.53375,model://CME_NYMEX_8K/US.NYMEX.CME.REGULAR.FUT.8K.2018M01/SETTLE/ALL
2016-09-15,0.5475,model://CME_NYMEX_8K/US.NYMEX.CME.REGULAR.FUT.8K.2018M01/SETTLE/ALL
2016-09-16,0.53438,model://CME_NYMEX_8K/US.NYMEX.CME.REGULAR.FUT.8K.2018M01/SETTLE/ALL
2016-09-19,0.54313,model://CME_NYMEX_8K/US.NYMEX.CME.REGULAR.FUT.8K.2018M01/SETTLE/ALL
2016-09-20,0.53958,model://CME_NYMEX_8K/US.NYMEX.CME.REGULAR.FUT.8K.2018M01/SETTLE/ALL
2016-09-21,0.54625,model://CME_NYMEX_8K/US.NYMEX.CME.REGULAR.FUT.8K.2018M01/SETTLE/ALL
2016-09-22,0.55458,model://CME_NYMEX_8K/US.NYMEX.CME.REGULAR.FUT.8K.2018M01/SETTLE/ALL
2016-09-23,0.55,model://CME_NYMEX_8K/US.NYMEX.CME.REGULAR.FUT.8K.2018M01/SETTLE/ALL
2016-09-26,0.54792,model://CME_NYMEX_8K/US.NYMEX.CME.REGULAR.FUT.8K.2018M01/SETTLE/ALL
2016-09-27,0.53,model://CME_NYMEX_8K/US.NYMEX.CME.REGULAR.FUT.8K.2018M01/SETTLE/ALL
2016-09-28,0.5325,model://CME_NYMEX_8K/US.NYMEX.CME.REGULAR.FUT.8K.2018M01/SETTLE/ALL
2016-09-29,0.53688,model://CME_NYMEX_8K/US.NYMEX.CME.REGULAR.FUT.8K.2018M01/SETTLE/ALL
2016-09-30,0.55688,model://CME_NYMEX_8K/US.NYMEX.CME.REGULAR.FUT.8K.2018M01/SETTLE/ALL
2016-10-03,0.56625,model://CME_NYMEX_8K/US.NYMEX.CME.REGULAR.FUT.8K.2018M01/SETTLE/ALL
2016-10-04,0.57292,model://CME_NYMEX_8K/US.NYMEX.CME.REGULAR.FUT.8K.2018M01/SETTLE/ALL
2016-10-05,0.57042,model://CME_NYMEX_8K/US.NYMEX.CME.REGULAR.FUT.8K.2018M01/SETTLE/ALL
2016-10-06,0.58813,model://CME_NYMEX_8K/US.NYMEX.CME.REGULAR.FUT.8K.2018M01/SETTLE/ALL
2016-10-07,0.59188,model://CME_NYMEX_8K/US.NYMEX.CME.REGULAR.FUT.8K.2018M01/SETTLE/ALL
2016-10-10,0.60063,model://CME_NYMEX_8K/US.NYMEX.CME.REGULAR.FUT.8K.2018M01/SETTLE/ALL
2016-10-11,0.59042,model://CME_NYMEX_8K/US.NYMEX.CME.REGULAR.FUT.8K.2018M01/SETTLE/ALL
2016-10-12,0.58833,model://CME_NYMEX_8K/US.NYMEX.CME.REGULAR.FUT.8K.2018M01/SETTLE/ALL
2016-10-13,0.59,model://CME_NYMEX_8K/US.NYMEX.CME.REGULAR.FUT.8K.2018M01/SETTLE/ALL
2016-10-14,0.59083,model://CME_NYMEX_8K/US.NYMEX.CME.REGULAR.FUT.8K.2018M01/SETTLE/ALL
2016-10-17,0.58625,model://CME_NYMEX_8K/US.NYMEX.CME.REGULAR.FUT.8K.2018M01/SETTLE/ALL
2016-10-18,0.59625,model://CME_NYMEX_8K/US.NYMEX.CME.REGULAR.FUT.8K.2018M01/SETTLE/ALL
2016-10-19,0.60083,model://CME_NYMEX_8K/US.NYMEX.CME.REGULAR.FUT.8K.2018M01/SETTLE/ALL
2016-10-20,0.59542,model://CME_NYMEX_8K/US.NYMEX.CME.REGULAR.FUT.8K.2018M01/SETTLE/ALL
2016-10-21,0.59458,model://CME_NYMEX_8K/US.NYMEX.CME.REGULAR.FUT.8K.2018M01/SETTLE/ALL
2016-10-24,0.59583,model://CME_NYMEX_8K/US.NYMEX.CME.REGULAR.FUT.8K.2018M01/SETTLE/ALL
2016-10-25,0.58042,model://CME_NYMEX_8K/US.NYMEX.CME.REGULAR.FUT.8K.2018M01/SETTLE/ALL
2016-10-26,0.56708,model://CME_NYMEX_8K/US.NYMEX.CME.REGULAR.FUT.8K.2018M01/SETTLE/ALL
2016-10-27,0.56542,model://CME_NYMEX_8K/US.NYMEX.CME.REGULAR.FUT.8K.2018M01/SETTLE/ALL
2016-10-28,0.56167,model://CME_NYMEX_8K/US.NYMEX.CME.REGULAR.FUT.8K.2018M01/SETTLE/ALL
2016-10-31,0.54458,model://CME_NYMEX_8K/US.NYMEX.CME.REGULAR.FUT.8K.2018M01/SETTLE/ALL
2016-11-01,0.55333,model://CME_NYMEX_8K/US.NYMEX.CME.REGULAR.FUT.8K.2018M01/SETTLE/ALL
2016-11-02,0.54583,model://CME_NYMEX_8K/US.NYMEX.CME.REGULAR.FUT.8K.2018M01/SETTLE/ALL
2016-11-03,0.5425,model://CME_NYMEX_8K/US.NYMEX.CME.REGULAR.FUT.8K.2018M01/SETTLE/ALL
2016-11-04,0.535,model://CME_NYMEX_8K/US.NYMEX.CME.REGULAR.FUT.8K.2018M01/SETTLE/ALL
2016-11-07,0.52875,model://CME_NYMEX_8K/US.NYMEX.CME.REGULAR.FUT.8K.2018M01/SETTLE/ALL
2016-11-08,0.52125,model://CME_NYMEX_8K/US.NYMEX.CME.REGULAR.FUT.8K.2018M01/SETTLE/ALL
2016-11-09,0.5175,model://CME_NYMEX_8K/US.NYMEX.CME.REGULAR.FUT.8K.2018M01/SETTLE/ALL
2016-11-10,0.51813,model://CME_NYMEX_8K/US.NYMEX.CME.REGULAR.FUT.8K.2018M01/SETTLE/ALL
2016-11-11,0.51438,model://CME_NYMEX_8K/US.NYMEX.CME.REGULAR.FUT.8K.2018M01/SETTLE/ALL
2016-11-14,0.51688,model://CME_NYMEX_8K/US.NYMEX.CME.REGULAR.FUT.8K.2018M01/SETTLE/ALL
2016-11-15,0.53313,model://CME_NYMEX_8K/US.NYMEX.CME.REGULAR.FUT.8K.2018M01/SETTLE/ALL
2016-11-16,0.53188,model://CME_NYMEX_8K/US.NYMEX.CME.REGULAR.FUT.8K.2018M01/SETTLE/ALL
2016-11-17,0.51875,model://CME_NYMEX_8K/US.NYMEX.CME.REGULAR.FUT.8K.2018M01/SETTLE/ALL
2016-11-18,0.535,model://CME_NYMEX_8K/US.NYMEX.CME.REGULAR.FUT.8K.2018M01/SETTLE/ALL
2016-11-21,0.55375,model://CME_NYMEX_8K/US.NYMEX.CME.REGULAR.FUT.8K.2018M01/SETTLE/ALL
2016-11-22,0.55628,model://CME_NYMEX_8K/US.NYMEX.CME.REGULAR.FUT.8K.2018M01/SETTLE/ALL
2016-11-23,0.55565,model://CME_NYMEX_8K/US.NYMEX.CME.REGULAR.FUT.8K.2018M01/SETTLE/ALL
2016-11-24,NaN,model://CME_NYMEX_8K/US.NYMEX.CME.REGULAR.FUT.8K.2018M01/SETTLE/ALL
2016-11-25,0.55565,model://CME_NYMEX_8K/US.NYMEX.CME.REGULAR.FUT.8K.2018M01/SETTLE/ALL
2016-11-28,0.55875,model://CME_NYMEX_8K/US.NYMEX.CME.REGULAR.FUT.8K.2018M01/SETTLE/ALL
2016-11-29,0.55875,model://CME_NYMEX_8K/US.NYMEX.CME.REGULAR.FUT.8K.2018M01/SETTLE/ALL
2016-11-30,0.5875,model://CME_NYMEX_8K/US.NYMEX.CME.REGULAR.FUT.8K.2018M01/SETTLE/ALL
2016-12-01,0.60875,model://CME_NYMEX_8K/US.NYMEX.CME.REGULAR.FUT.8K.2018M01/SETTLE/ALL
2016-12-02,0.60838,model://CME_NYMEX_8K/US.NYMEX.CME.REGULAR.FUT.8K.2018M01/SETTLE/ALL
2016-12-05,0.61563,model://CME_NYMEX_8K/US.NYMEX.CME.REGULAR.FUT.8K.2018M01/SETTLE/ALL
2016-12-06,0.61438,model://CME_NYMEX_8K/US.NYMEX.CME.REGULAR.FUT.8K.2018M01/SETTLE/ALL
2016-12-07,0.60792,model://CME_NYMEX_8K/US.NYMEX.CME.REGULAR.FUT.8K.2018M01/SETTLE/ALL
2016-12-08,0.61688,model://CME_NYMEX_8K/US.NYMEX.CME.REGULAR.FUT.8K.2018M01/SETTLE/ALL
2016-12-09,0.61938,model://CME_NYMEX_8K/US.NYMEX.CME.REGULAR.FUT.8K.2018M01/SETTLE/ALL
2016-12-12,0.63125,model://CME_NYMEX_8K/US.NYMEX.CME.REGULAR.FUT.8K.2018M01/SETTLE/ALL
2016-12-13,0.63063,model://CME_NYMEX_8K/US.NYMEX.CME.REGULAR.FUT.8K.2018M01/SETTLE/ALL
2016-12-14,0.62125,model://CME_NYMEX_8K/US.NYMEX.CME.REGULAR.FUT.8K.2018M01/SETTLE/ALL
2016-12-15,0.61938,model://CME_NYMEX_8K/US.NYMEX.CME.REGULAR.FUT.8K.2018M01/SETTLE/ALL
2016-12-16,0.63125,model://CME_NYMEX_8K/US.NYMEX.CME.REGULAR.FUT.8K.2018M01/SETTLE/ALL
2016-12-19,0.63188,model://CME_NYMEX_8K/US.NYMEX.CME.REGULAR.FUT.8K.2018M01/SETTLE/ALL
2016-12-20,0.64188,model://CME_NYMEX_8K/US.NYMEX.CME.REGULAR.FUT.8K.2018M01/SETTLE/ALL
2016-12-21,0.645,model://CME_NYMEX_8K/US.NYMEX.CME.REGULAR.FUT.8K.2018M01/SETTLE/ALL
2016-12-22,0.65063,model://CME_NYMEX_8K/US.NYMEX.CME.REGULAR.FUT.8K.2018M01/SETTLE/ALL
2016-12-23,0.65125,model://CME_NYMEX_8K/US.NYMEX.CME.REGULAR.FUT.8K.2018M01/SETTLE/ALL
2016-12-26,NaN,model://CME_NYMEX_8K/US.NYMEX.CME.REGULAR.FUT.8K.2018M01/SETTLE/ALL
2016-12-27,0.65,model://CME_NYMEX_8K/US.NYMEX.CME.REGULAR.FUT.8K.2018M01/SETTLE/ALL
2016-12-28,0.665,model://CME_NYMEX_8K/US.NYMEX.CME.REGULAR.FUT.8K.2018M01/SETTLE/ALL
2016-12-29,0.68938,model://CME_NYMEX_8K/US.NYMEX.CME.REGULAR.FUT.8K.2018M01/SETTLE/ALL
2016-12-30,0.685,model://CME_NYMEX_8K/US.NYMEX.CME.REGULAR.FUT.8K.2018M01/SETTLE/ALL
2017-01-02,NaN,model://CME_NYMEX_8K/US.NYMEX.CME.REGULAR.FUT.8K.2018M01/SETTLE/ALL
2017-01-03,0.685,model://CME_NYMEX_8K/US.NYMEX.CME.REGULAR.FUT.8K.2018M01/SETTLE/ALL
2017-01-04,0.68,model://CME_NYMEX_8K/US.NYMEX.CME.REGULAR.FUT.8K.2018M01/SETTLE/ALL
2017-01-05,0.68,model://CME_NYMEX_8K/US.NYMEX.CME.REGULAR.FUT.8K.2018M01/SETTLE/ALL
2017-01-06,0.685,model://CME_NYMEX_8K/US.NYMEX.CME.REGULAR.FUT.8K.2018M01/SETTLE/ALL
2017-01-09,0.66875,model://CME_NYMEX_8K/US.NYMEX.CME.REGULAR.FUT.8K.2018M01/SETTLE/ALL
2017-01-10,0.66583,model://CME_NYMEX_8K/US.NYMEX.CME.REGULAR.FUT.8K.2018M01/SETTLE/ALL
2017-01-11,0.68438,model://CME_NYMEX_8K/US.NYMEX.CME.REGULAR.FUT.8K.2018M01/SETTLE/ALL
2017-01-12,0.69063,model://CME_NYMEX_8K/US.NYMEX.CME.REGULAR.FUT.8K.2018M01/SETTLE/ALL
2017-01-13,0.67938,model://CME_NYMEX_8K/US.NYMEX.CME.REGULAR.FUT.8K.2018M01/SETTLE/ALL
2017-01-16,NaN,model://CME_NYMEX_8K/US.NYMEX.CME.REGULAR.FUT.8K.2018M01/SETTLE/ALL
2017-01-17,0.68688,model://CME_NYMEX_8K/US.NYMEX.CME.REGULAR.FUT.8K.2018M01/SETTLE/ALL
2017-01-18,0.67688,model://CME_NYMEX_8K/US.NYMEX.CME.REGULAR.FUT.8K.2018M01/SETTLE/ALL
2017-01-19,0.68417,model://CME_NYMEX_8K/US.NYMEX.CME.REGULAR.FUT.8K.2018M01/SETTLE/ALL
2017-01-20,0.6975,model://CME_NYMEX_8K/US.NYMEX.CME.REGULAR.FUT.8K.2018M01/SETTLE/ALL
2017-01-23,0.69625,model://CME_NYMEX_8K/US.NYMEX.CME.REGULAR.FUT.8K.2018M01/SETTLE/ALL
2017-01-24,0.7,model://CME_NYMEX_8K/US.NYMEX.CME.REGULAR.FUT.8K.2018M01/SETTLE/ALL
2017-01-25,0.68875,model://CME_NYMEX_8K/US.NYMEX.CME.REGULAR.FUT.8K.2018M01/SETTLE/ALL
2017-01-26,0.6975,model://CME_NYMEX_8K/US.NYMEX.CME.REGULAR.FUT.8K.2018M01/SETTLE/ALL
2017-01-27,0.68875,model://CME_NYMEX_8K/US.NYMEX.CME.REGULAR.FUT.8K.2018M01/SETTLE/ALL
2017-01-30,0.69688,model://CME_NYMEX_8K/US.NYMEX.CME.REGULAR.FUT.8K.2018M01/SETTLE/ALL
2017-01-31,0.7025,model://CME_NYMEX_8K/US.NYMEX.CME.REGULAR.FUT.8K.2018M01/SETTLE/ALL
2017-02-01,0.71375,model://CME_NYMEX_8K/US.NYMEX.CME.REGULAR.FUT.8K.2018M01/SETTLE/ALL
2017-02-02,0.715,model://CME_NYMEX_8K/US.NYMEX.CME.REGULAR.FUT.8K.2018M01/SETTLE/ALL
2017-02-03,0.70625,model://CME_NYMEX_8K/US.NYMEX.CME.REGULAR.FUT.8K.2018M01/SETTLE/ALL
2017-02-06,0.6875,model://CME_NYMEX_8K/US.NYMEX.CME.REGULAR.FUT.8K.2018M01/SETTLE/ALL
2017-02-07,0.66188,model://CME_NYMEX_8K/US.NYMEX.CME.REGULAR.FUT.8K.2018M01/SETTLE/ALL
2017-02-08,0.67,model://CME_NYMEX_8K/US.NYMEX.CME.REGULAR.FUT.8K.2018M01/SETTLE/ALL
2017-02-09,0.67125,model://CME_NYMEX_8K/US.NYMEX.CME.REGULAR.FUT.8K.2018M01/SETTLE/ALL
2017-02-10,0.69,model://CME_NYMEX_8K/US.NYMEX.CME.REGULAR.FUT.8K.2018M01/SETTLE/ALL
2017-02-13,0.68438,model://CME_NYMEX_8K/US.NYMEX.CME.REGULAR.FUT.8K.2018M01/SETTLE/ALL
2017-02-14,0.69438,model://CME_NYMEX_8K/US.NYMEX.CME.REGULAR.FUT.8K.2018M01/SETTLE/ALL
2017-02-15,0.69438,model://CME_NYMEX_8K/US.NYMEX.CME.REGULAR.FUT.8K.2018M01/SETTLE/ALL
2017-02-16,0.68125,model://CME_NYMEX_8K/US.NYMEX.CME.REGULAR.FUT.8K.2018M01/SETTLE/ALL
2017-02-17,0.66625,model://CME_NYMEX_8K/US.NYMEX.CME.REGULAR.FUT.8K.2018M01/SETTLE/ALL
2017-02-20,NaN,model://CME_NYMEX_8K/US.NYMEX.CME.REGULAR.FUT.8K.2018M01/SETTLE/ALL
2017-02-21,0.66333,model://CME_NYMEX_8K/US.NYMEX.CME.REGULAR.FUT.8K.2018M01/SETTLE/ALL
2017-02-22,0.65125,model://CME_NYMEX_8K/US.NYMEX.CME.REGULAR.FUT.8K.2018M01/SETTLE/ALL
2017-02-23,0.64813,model://CME_NYMEX_8K/US.NYMEX.CME.REGULAR.FUT.8K.2018M01/SETTLE/ALL
2017-02-24,0.65375,model://CME_NYMEX_8K/US.NYMEX.CME.REGULAR.FUT.8K.2018M01/SETTLE/ALL
2017-02-27,0.66375,model://CME_NYMEX_8K/US.NYMEX.CME.REGULAR.FUT.8K.2018M01/SETTLE/ALL
2017-02-28,0.66125,model://CME_NYMEX_8K/US.NYMEX.CME.REGULAR.FUT.8K.2018M01/SETTLE/ALL
2017-03-01,0.64313,model://CME_NYMEX_8K/US.NYMEX.CME.REGULAR.FUT.8K.2018M01/SETTLE/ALL
2017-03-02,0.61958,model://CME_NYMEX_8K/US.NYMEX.CME.REGULAR.FUT.8K.2018M01/SETTLE/ALL
2017-03-03,0.63063,model://CME_NYMEX_8K/US.NYMEX.CME.REGULAR.FUT.8K.2018M01/SETTLE/ALL
2017-03-06,0.645,model://CME_NYMEX_8K/US.NYMEX.CME.REGULAR.FUT.8K.2018M01/SETTLE/ALL
2017-03-07,0.6575,model://CME_NYMEX_8K/US.NYMEX.CME.REGULAR.FUT.8K.2018M01/SETTLE/ALL
2017-03-08,0.64813,model://CME_NYMEX_8K/US.NYMEX.CME.REGULAR.FUT.8K.2018M01/SETTLE/ALL
2017-03-09,0.63917,model://CME_NYMEX_8K/US.NYMEX.CME.REGULAR.FUT.8K.2018M01/SETTLE/ALL
2017-03-10,0.63875,model://CME_NYMEX_8K/US.NYMEX.CME.REGULAR.FUT.8K.2018M01/SETTLE/ALL
2017-03-13,0.63708,model://CME_NYMEX_8K/US.NYMEX.CME.REGULAR.FUT.8K.2018M01/SETTLE/ALL
2017-03-14,0.63167,model://CME_NYMEX_8K/US.NYMEX.CME.REGULAR.FUT.8K.2018M01/SETTLE/ALL
2017-03-15,0.62583,model://CME_NYMEX_8K/US.NYMEX.CME.REGULAR.FUT.8K.2018M01/SETTLE/ALL
2017-03-16,0.61458,model://CME_NYMEX_8K/US.NYMEX.CME.REGULAR.FUT.8K.2018M01/SETTLE/ALL
2017-03-17,0.60208,model://CME_NYMEX_8K/US.NYMEX.CME.REGULAR.FUT.8K.2018M01/SETTLE/ALL
2017-03-20,0.60813,model://CME_NYMEX_8K/US.NYMEX.CME.REGULAR.FUT.8K.2018M01/SETTLE/ALL
2017-03-21,0.60542,model://CME_NYMEX_8K/US.NYMEX.CME.REGULAR.FUT.8K.2018M01/SETTLE/ALL
2017-03-22,0.60458,model://CME_NYMEX_8K/US.NYMEX.CME.REGULAR.FUT.8K.2018M01/SETTLE/ALL
2017-03-23,0.59917,model://CME_NYMEX_8K/US.NYMEX.CME.REGULAR.FUT.8K.2018M01/SETTLE/ALL
2017-03-24,0.59125,model://CME_NYMEX_8K/US.NYMEX.CME.REGULAR.FUT.8K.2018M01/SETTLE/ALL
2017-03-27,0.59417,model://CME_NYMEX_8K/US.NYMEX.CME.REGULAR.FUT.8K.2018M01/SETTLE/ALL
2017-03-28,0.61438,model://CME_NYMEX_8K/US.NYMEX.CME.REGULAR.FUT.8K.2018M01/SETTLE/ALL
2017-03-29,0.62875,model://CME_NYMEX_8K/US.NYMEX.CME.REGULAR.FUT.8K.2018M01/SETTLE/ALL
2017-03-30,0.63042,model://CME_NYMEX_8K/US.NYMEX.CME.REGULAR.FUT.8K.2018M01/SETTLE/ALL
2017-03-31,0.62917,model://CME_NYMEX_8K/US.NYMEX.CME.REGULAR.FUT.8K.2018M01/SETTLE/ALL
2017-04-03,0.62792,model://CME_NYMEX_8K/US.NYMEX.CME.REGULAR.FUT.8K.2018M01/SETTLE/ALL
2017-04-04,0.63292,model://CME_NYMEX_8K/US.NYMEX.CME.REGULAR.FUT.8K.2018M01/SETTLE/ALL
2017-04-05,0.64625,model://CME_NYMEX_8K/US.NYMEX.CME.REGULAR.FUT.8K.2018M01/SETTLE/ALL
2017-04-06,0.655,model://CME_NYMEX_8K/US.NYMEX.CME.REGULAR.FUT.8K.2018M01/SETTLE/ALL
2017-04-07,0.66625,model://CME_NYMEX_8K/US.NYMEX.CME.REGULAR.FUT.8K.2018M01/SETTLE/ALL
2017-04-10,0.67917,model://CME_NYMEX_8K/US.NYMEX.CME.REGULAR.FUT.8K.2018M01/SETTLE/ALL
2017-04-11,0.69208,model://CME_NYMEX_8K/US.NYMEX.CME.REGULAR.FUT.8K.2018M01/SETTLE/ALL
2017-04-12,0.7025,model://CME_NYMEX_8K/US.NYMEX.CME.REGULAR.FUT.8K.2018M01/SETTLE/ALL
2017-04-13,0.69958,model://CME_NYMEX_8K/US.NYMEX.CME.REGULAR.FUT.8K.2018M01/SETTLE/ALL
2017-04-14,NaN,model://CME_NYMEX_8K/US.NYMEX.CME.REGULAR.FUT.8K.2018M01/SETTLE/ALL
2017-04-17,0.6925,model://CME_NYMEX_8K/US.NYMEX.CME.REGULAR.FUT.8K.2018M01/SETTLE/ALL
2017-04-18,0.69,model://CME_NYMEX_8K/US.NYMEX.CME.REGULAR.FUT.8K.2018M01/SETTLE/ALL
2017-04-19,0.68208,model://CME_NYMEX_8K/US.NYMEX.CME.REGULAR.FUT.8K.2018M01/SETTLE/ALL
2017-04-20,0.675,model://CME_NYMEX_8K/US.NYMEX.CME.REGULAR.FUT.8K.2018M01/SETTLE/ALL
2017-04-21,0.64875,model://CME_NYMEX_8K/US.NYMEX.CME.REGULAR.FUT.8K.2018M01/SETTLE/ALL
2017-04-24,0.64125,model://CME_NYMEX_8K/US.NYMEX.CME.REGULAR.FUT.8K.2018M01/SETTLE/ALL
2017-04-25,0.64292,model://CME_NYMEX_8K/US.NYMEX.CME.REGULAR.FUT.8K.2018M01/SETTLE/ALL
2017-04-26,0.6375,model://CME_NYMEX_8K/US.NYMEX.CME.REGULAR.FUT.8K.2018M01/SETTLE/ALL
2017-04-27,0.63125,model://CME_NYMEX_8K/US.NYMEX.CME.REGULAR.FUT.8K.2018M01/SETTLE/ALL
2017-04-28,0.63625,model://CME_NYMEX_8K/US.NYMEX.CME.REGULAR.FUT.8K.2018M01/SETTLE/ALL
2017-05-01,0.635,model://CME_NYMEX_8K/US.NYMEX.CME.REGULAR.FUT.8K.2018M01/SETTLE/ALL
2017-05-02,0.62667,model://CME_NYMEX_8K/US.NYMEX.CME.REGULAR.FUT.8K.2018M01/SETTLE/ALL
2017-05-03,0.64208,model://CME_NYMEX_8K/US.NYMEX.CME.REGULAR.FUT.8K.2018M01/SETTLE/ALL
2017-05-04,0.64,model://CME_NYMEX_8K/US.NYMEX.CME.REGULAR.FUT.8K.2018M01/SETTLE/ALL
2017-05-05,0.65625,model://CME_NYMEX_8K/US.NYMEX.CME.REGULAR.FUT.8K.2018M01/SETTLE/ALL
2017-05-08,0.65667,model://CME_NYMEX_8K/US.NYMEX.CME.REGULAR.FUT.8K.2018M01/SETTLE/ALL
2017-05-09,0.65458,model://CME_NYMEX_8K/US.NYMEX.CME.REGULAR.FUT.8K.2018M01/SETTLE/ALL
2017-05-10,0.66292,model://CME_NYMEX_8K/US.NYMEX.CME.REGULAR.FUT.8K.2018M01/SETTLE/ALL
2017-05-11,0.65813,model://CME_NYMEX_8K/US.NYMEX.CME.REGULAR.FUT.8K.2018M01/SETTLE/ALL
2017-05-12,0.65,model://CME_NYMEX_8K/US.NYMEX.CME.REGULAR.FUT.8K.2018M01/SETTLE/ALL
2017-05-15,0.66188,model://CME_NYMEX_8K/US.NYMEX.CME.REGULAR.FUT.8K.2018M01/SETTLE/ALL
2017-05-16,0.65875,model://CME_NYMEX_8K/US.NYMEX.CME.REGULAR.FUT.8K.2018M01/SETTLE/ALL
2017-05-17,0.67875,model://CME_NYMEX_8K/US.NYMEX.CME.REGULAR.FUT.8K.2018M01/SETTLE/ALL
2017-05-18,0.68063,model://CME_NYMEX_8K/US.NYMEX.CME.REGULAR.FUT.8K.2018M01/SETTLE/ALL
2017-05-19,0.69375,model://CME_NYMEX_8K/US.NYMEX.CME.REGULAR.FUT.8K.2018M01/SETTLE/ALL
2017-05-22,0.695,model://CME_NYMEX_8K/US.NYMEX.CME.REGULAR.FUT.8K.2018M01/SETTLE/ALL
2017-05-23,0.68875,model://CME_NYMEX_8K/US.NYMEX.CME.REGULAR.FUT.8K.2018M01/SETTLE/ALL
2017-05-24,0.69438,model://CME_NYMEX_8K/US.NYMEX.CME.REGULAR.FUT.8K.2018M01/SETTLE/ALL
2017-05-25,0.68438,model://CME_NYMEX_8K/US.NYMEX.CME.REGULAR.FUT.8K.2018M01/SETTLE/ALL
2017-05-26,0.68438,model://CME_NYMEX_8K/US.NYMEX.CME.REGULAR.FUT.8K.2018M01/SETTLE/ALL
2017-05-29,NaN,model://CME_NYMEX_8K/US.NYMEX.CME.REGULAR.FUT.8K.2018M01/SETTLE/ALL
2017-05-30,0.67688,model://CME_NYMEX_8K/US.NYMEX.CME.REGULAR.FUT.8K.2018M01/SETTLE/ALL
2017-05-31,0.65313,model://CME_NYMEX_8K/US.NYMEX.CME.REGULAR.FUT.8K.2018M01/SETTLE/ALL
2017-06-01,0.64938,model://CME_NYMEX_8K/US.NYMEX.CME.REGULAR.FUT.8K.2018M01/SETTLE/ALL
2017-06-02,0.65063,model://CME_NYMEX_8K/US.NYMEX.CME.REGULAR.FUT.8K.2018M01/SETTLE/ALL
2017-06-05,0.64083,model://CME_NYMEX_8K/US.NYMEX.CME.REGULAR.FUT.8K.2018M01/SETTLE/ALL
2017-06-06,0.64,model://CME_NYMEX_8K/US.NYMEX.CME.REGULAR.FUT.8K.2018M01/SETTLE/ALL
2017-06-07,0.62188,model://CME_NYMEX_8K/US.NYMEX.CME.REGULAR.FUT.8K.2018M01/SETTLE/ALL
2017-06-08,0.61438,model://CME_NYMEX_8K/US.NYMEX.CME.REGULAR.FUT.8K.2018M01/SETTLE/ALL
2017-06-09,0.63313,model://CME_NYMEX_8K/US.NYMEX.CME.REGULAR.FUT.8K.2018M01/SETTLE/ALL
2017-06-12,0.63813,model://CME_NYMEX_8K/US.NYMEX.CME.REGULAR.FUT.8K.2018M01/SETTLE/ALL
2017-06-13,0.64313,model://CME_NYMEX_8K/US.NYMEX.CME.REGULAR.FUT.8K.2018M01/SETTLE/ALL
2017-06-14,0.62563,model://CME_NYMEX_8K/US.NYMEX.CME.REGULAR.FUT.8K.2018M01/SETTLE/ALL
2017-06-15,0.62375,model://CME_NYMEX_8K/US.NYMEX.CME.REGULAR.FUT.8K.2018M01/SETTLE/ALL
2017-06-16,0.62125,model://CME_NYMEX_8K/US.NYMEX.CME.REGULAR.FUT.8K.2018M01/SETTLE/ALL
2017-06-19,0.61938,model://CME_NYMEX_8K/US.NYMEX.CME.REGULAR.FUT.8K.2018M01/SETTLE/ALL
2017-06-20,0.61188,model://CME_NYMEX_8K/US.NYMEX.CME.REGULAR.FUT.8K.2018M01/SETTLE/ALL
2017-06-21,0.60313,model://CME_NYMEX_8K/US.NYMEX.CME.REGULAR.FUT.8K.2018M01/SETTLE/ALL
2017-06-22,0.6075,model://CME_NYMEX_8K/US.NYMEX.CME.REGULAR.FUT.8K.2018M01/SETTLE/ALL
2017-06-23,0.6025,model://CME_NYMEX_8K/US.NYMEX.CME.REGULAR.FUT.8K.2018M01/SETTLE/ALL
2017-06-26,0.60188,model://CME_NYMEX_8K/US.NYMEX.CME.REGULAR.FUT.8K.2018M01/SETTLE/ALL
2017-06-27,0.60188,model://CME_NYMEX_8K/US.NYMEX.CME.REGULAR.FUT.8K.2018M01/SETTLE/ALL
2017-06-28,0.60438,model://CME_NYMEX_8K/US.NYMEX.CME.REGULAR.FUT.8K.2018M01/SETTLE/ALL
2017-06-29,0.61313,model://CME_NYMEX_8K/US.NYMEX.CME.REGULAR.FUT.8K.2018M01/SETTLE/ALL
2017-06-30,0.62438,model://CME_NYMEX_8K/US.NYMEX.CME.REGULAR.FUT.8K.2018M01/SETTLE/ALL
2017-07-03,0.64688,model://CME_NYMEX_8K/US.NYMEX.CME.REGULAR.FUT.8K.2018M01/SETTLE/ALL
2017-07-04,NaN,model://CME_NYMEX_8K/US.NYMEX.CME.REGULAR.FUT.8K.2018M01/SETTLE/ALL
2017-07-05,0.62563,model://CME_NYMEX_8K/US.NYMEX.CME.REGULAR.FUT.8K.2018M01/SETTLE/ALL
2017-07-06,0.62688,model://CME_NYMEX_8K/US.NYMEX.CME.REGULAR.FUT.8K.2018M01/SETTLE/ALL
2017-07-07,0.62188,model://CME_NYMEX_8K/US.NYMEX.CME.REGULAR.FUT.8K.2018M01/SETTLE/ALL
2017-07-10,0.63125,model://CME_NYMEX_8K/US.NYMEX.CME.REGULAR.FUT.8K.2018M01/SETTLE/ALL
2017-07-11,0.6425,model://CME_NYMEX_8K/US.NYMEX.CME.REGULAR.FUT.8K.2018M01/SETTLE/ALL
2017-07-12,0.65313,model://CME_NYMEX_8K/US.NYMEX.CME.REGULAR.FUT.8K.2018M01/SETTLE/ALL
2017-07-13,0.6575,model://CME_NYMEX_8K/US.NYMEX.CME.REGULAR.FUT.8K.2018M01/SETTLE/ALL
2017-07-14,0.66188,model://CME_NYMEX_8K/US.NYMEX.CME.REGULAR.FUT.8K.2018M01/SETTLE/ALL
2017-07-17,0.66063,model://CME_NYMEX_8K/US.NYMEX.CME.REGULAR.FUT.8K.2018M01/SETTLE/ALL
2017-07-18,0.66813,model://CME_NYMEX_8K/US.NYMEX.CME.REGULAR.FUT.8K.2018M01/SETTLE/ALL
2017-07-19,0.68188,model://CME_NYMEX_8K/US.NYMEX.CME.REGULAR.FUT.8K.2018M01/SETTLE/ALL
2017-07-20,0.68,model://CME_NYMEX_8K/US.NYMEX.CME.REGULAR.FUT.8K.2018M01/SETTLE/ALL
2017-07-21,0.67313,model://CME_NYMEX_8K/US.NYMEX.CME.REGULAR.FUT.8K.2018M01/SETTLE/ALL
2017-07-24,0.67375,model://CME_NYMEX_8K/US.NYMEX.CME.REGULAR.FUT.8K.2018M01/SETTLE/ALL
2017-07-25,0.68625,model://CME_NYMEX_8K/US.NYMEX.CME.REGULAR.FUT.8K.2018M01/SETTLE/ALL
2017-07-26,0.70875,model://CME_NYMEX_8K/US.NYMEX.CME.REGULAR.FUT.8K.2018M01/SETTLE/ALL
2017-07-27,0.72,model://CME_NYMEX_8K/US.NYMEX.CME.REGULAR.FUT.8K.2018M01/SETTLE/ALL
2017-07-28,0.72688,model://CME_NYMEX_8K/US.NYMEX.CME.REGULAR.FUT.8K.2018M01/SETTLE/ALL
2017-07-31,0.7275,model://CME_NYMEX_8K/US.NYMEX.CME.REGULAR.FUT.8K.2018M01/SETTLE/ALL
2017-08-01,0.72813,model://CME_NYMEX_8K/US.NYMEX.CME.REGULAR.FUT.8K.2018M01/SETTLE/ALL
2017-08-02,0.7425,model://CME_NYMEX_8K/US.NYMEX.CME.REGULAR.FUT.8K.2018M01/SETTLE/ALL
2017-08-03,0.7375,model://CME_NYMEX_8K/US.NYMEX.CME.REGULAR.FUT.8K.2018M01/SETTLE/ALL
2017-08-04,0.7325,model://CME_NYMEX_8K/US.NYMEX.CME.REGULAR.FUT.8K.2018M01/SETTLE/ALL
2017-08-07,0.71875,model://CME_NYMEX_8K/US.NYMEX.CME.REGULAR.FUT.8K.2018M01/SETTLE/ALL
2017-08-08,0.7125,model://CME_NYMEX_8K/US.NYMEX.CME.REGULAR.FUT.8K.2018M01/SETTLE/ALL
2017-08-09,0.74125,model://CME_NYMEX_8K/US.NYMEX.CME.REGULAR.FUT.8K.2018M01/SETTLE/ALL
2017-08-10,0.75438,model://CME_NYMEX_8K/US.NYMEX.CME.REGULAR.FUT.8K.2018M01/SETTLE/ALL
2017-08-11,0.75625,model://CME_NYMEX_8K/US.NYMEX.CME.REGULAR.FUT.8K.2018M01/SETTLE/ALL
2017-08-14,0.74,model://CME_NYMEX_8K/US.NYMEX.CME.REGULAR.FUT.8K.2018M01/SETTLE/ALL
2017-08-15,0.73333,model://CME_NYMEX_8K/US.NYMEX.CME.REGULAR.FUT.8K.2018M01/SETTLE/ALL
2017-08-16,0.73438,model://CME_NYMEX_8K/US.NYMEX.CME.REGULAR.FUT.8K.2018M01/SETTLE/ALL
2017-08-17,0.735,model://CME_NYMEX_8K/US.NYMEX.CME.REGULAR.FUT.8K.2018M01/SETTLE/ALL
2017-08-18,0.75125,model://CME_NYMEX_8K/US.NYMEX.CME.REGULAR.FUT.8K.2018M01/SETTLE/ALL
2017-08-21,0.73875,model://CME_NYMEX_8K/US.NYMEX.CME.REGULAR.FUT.8K.2018M01/SETTLE/ALL
2017-08-22,0.74,model://CME_NYMEX_8K/US.NYMEX.CME.REGULAR.FUT.8K.2018M01/SETTLE/ALL
2017-08-23,0.745,model://CME_NYMEX_8K/US.NYMEX.CME.REGULAR.FUT.8K.2018M01/SETTLE/ALL
2017-08-24,0.7475,model://CME_NYMEX_8K/US.NYMEX.CME.REGULAR.FUT.8K.2018M01/SETTLE/ALL
2017-08-25,0.7675,model://CME_NYMEX_8K/US.NYMEX.CME.REGULAR.FUT.8K.2018M01/SETTLE/ALL
2017-08-28,0.75792,model://CME_NYMEX_8K/US.NYMEX.CME.REGULAR.FUT.8K.2018M01/SETTLE/ALL
2017-08-29,0.76167,model://CME_NYMEX_8K/US.NYMEX.CME.REGULAR.FUT.8K.2018M01/SETTLE/ALL
2017-08-30,0.75125,model://CME_NYMEX_8K/US.NYMEX.CME.REGULAR.FUT.8K.2018M01/SETTLE/ALL
2017-08-31,0.76563,model://CME_NYMEX_8K/US.NYMEX.CME.REGULAR.FUT.8K.2018M01/SETTLE/ALL
2017-09-01,0.795,model://CME_NYMEX_8K/US.NYMEX.CME.REGULAR.FUT.8K.2018M01/SETTLE/ALL
2017-09-04,NaN,model://CME_NYMEX_8K/US.NYMEX.CME.REGULAR.FUT.8K.2018M01/SETTLE/ALL
2017-09-05,0.79875,model://CME_NYMEX_8K/US.NYMEX.CME.REGULAR.FUT.8K.2018M01/SETTLE/ALL
2017-09-06,0.8125,model://CME_NYMEX_8K/US.NYMEX.CME.REGULAR.FUT.8K.2018M01/SETTLE/ALL
2017-09-07,0.81563,model://CME_NYMEX_8K/US.NYMEX.CME.REGULAR.FUT.8K.2018M01/SETTLE/ALL
2017-09-08,0.81563,model://CME_NYMEX_8K/US.NYMEX.CME.REGULAR.FUT.8K.2018M01/SETTLE/ALL
2017-09-11,0.82188,model://CME_NYMEX_8K/US.NYMEX.CME.REGULAR.FUT.8K.2018M01/SETTLE/ALL
2017-09-12,0.835,model://CME_NYMEX_8K/US.NYMEX.CME.REGULAR.FUT.8K.2018M01/SETTLE/ALL
2017-09-13,0.85875,model://CME_NYMEX_8K/US.NYMEX.CME.REGULAR.FUT.8K.2018M01/SETTLE/ALL
2017-09-14,0.85438,model://CME_NYMEX_8K/US.NYMEX.CME.REGULAR.FUT.8K.2018M01/SETTLE/ALL
2017-09-15,0.86125,model://CME_NYMEX_8K/US.NYMEX.CME.REGULAR.FUT.8K.2018M01/SETTLE/ALL
2017-09-18,0.86125,model://CME_NYMEX_8K/US.NYMEX.CME.REGULAR.FUT.8K.2018M01/SETTLE/ALL
2017-09-19,0.855,model://CME_NYMEX_8K/US.NYMEX.CME.REGULAR.FUT.8K.2018M01/SETTLE/ALL
2017-09-20,0.88,model://CME_NYMEX_8K/US.NYMEX.CME.REGULAR.FUT.8K.2018M01/SETTLE/ALL
2017-09-21,0.89313,model://CME_NYMEX_8K/US.NYMEX.CME.REGULAR.FUT.8K.2018M01/SETTLE/ALL
2017-09-22,0.89688,model://CME_NYMEX_8K/US.NYMEX.CME.REGULAR.FUT.8K.2018M01/SETTLE/ALL
2017-09-25,0.9175,model://CME_NYMEX_8K/US.NYMEX.CME.REGULAR.FUT.8K.2018M01/SETTLE/ALL
2017-09-26,0.91625,model://CME_NYMEX_8K/US.NYMEX.CME.REGULAR.FUT.8K.2018M01/SETTLE/ALL
2017-09-27,0.91063,model://CME_NYMEX_8K/US.NYMEX.CME.REGULAR.FUT.8K.2018M01/SETTLE/ALL
2017-09-28,0.88563,model://CME_NYMEX_8K/US.NYMEX.CME.REGULAR.FUT.8K.2018M01/SETTLE/ALL
2017-09-29,0.865,model://CME_NYMEX_8K/US.NYMEX.CME.REGULAR.FUT.8K.2018M01/SETTLE/ALL
2017-10-02,0.83313,model://CME_NYMEX_8K/US.NYMEX.CME.REGULAR.FUT.8K.2018M01/SETTLE/ALL
2017-10-03,0.82583,model://CME_NYMEX_8K/US.NYMEX.CME.REGULAR.FUT.8K.2018M01/SETTLE/ALL
2017-10-04,0.86188,model://CME_NYMEX_8K/US.NYMEX.CME.REGULAR.FUT.8K.2018M01/SETTLE/ALL
2017-10-05,0.895,model://CME_NYMEX_8K/US.NYMEX.CME.REGULAR.FUT.8K.2018M01/SETTLE/ALL
2017-10-06,0.88063,model://CME_NYMEX_8K/US.NYMEX.CME.REGULAR.FUT.8K.2018M01/SETTLE/ALL
2017-10-09,0.89125,model://CME_NYMEX_8K/US.NYMEX.CME.REGULAR.FUT.8K.2018M01/SETTLE/ALL
2017-10-10,0.90875,model://CME_NYMEX_8K/US.NYMEX.CME.REGULAR.FUT.8K.2018M01/SETTLE/ALL
2017-10-11,0.9,model://CME_NYMEX_8K/US.NYMEX.CME.REGULAR.FUT.8K.2018M01/SETTLE/ALL
2017-10-12,0.89188,model://CME_NYMEX_8K/US.NYMEX.CME.REGULAR.FUT.8K.2018M01/SETTLE/ALL
2017-10-13,0.8975,model://CME_NYMEX_8K/US.NYMEX.CME.REGULAR.FUT.8K.2018M01/SETTLE/ALL
2017-10-16,0.89125,model://CME_NYMEX_8K/US.NYMEX.CME.REGULAR.FUT.8K.2018M01/SETTLE/ALL
2017-10-17,0.88,model://CME_NYMEX_8K/US.NYMEX.CME.REGULAR.FUT.8K.2018M01/SETTLE/ALL
2017-10-18,0.87563,model://CME_NYMEX_8K/US.NYMEX.CME.REGULAR.FUT.8K.2018M01/SETTLE/ALL
2017-10-19,0.86563,model://CME_NYMEX_8K/US.NYMEX.CME.REGULAR.FUT.8K.2018M01/SETTLE/ALL
2017-10-20,0.87125,model://CME_NYMEX_8K/US.NYMEX.CME.REGULAR.FUT.8K.2018M01/SETTLE/ALL
2017-10-23,0.8875,model://CME_NYMEX_8K/US.NYMEX.CME.REGULAR.FUT.8K.2018M01/SETTLE/ALL
2017-10-24,0.90625,model://CME_NYMEX_8K/US.NYMEX.CME.REGULAR.FUT.8K.2018M01/SETTLE/ALL
2017-10-25,0.91875,model://CME_NYMEX_8K/US.NYMEX.CME.REGULAR.FUT.8K.2018M01/SETTLE/ALL
2017-10-26,0.92188,model://CME_NYMEX_8K/US.NYMEX.CME.REGULAR.FUT.8K.2018M01/SETTLE/ALL
2017-10-27,0.94313,model://CME_NYMEX_8K/US.NYMEX.CME.REGULAR.FUT.8K.2018M01/SETTLE/ALL
2017-10-30,0.93563,model://CME_NYMEX_8K/US.NYMEX.CME.REGULAR.FUT.8K.2018M01/SETTLE/ALL
2017-10-31,0.925,model://CME_NYMEX_8K/US.NYMEX.CME.REGULAR.FUT.8K.2018M01/SETTLE/ALL
2017-11-01,0.91063,model://CME_NYMEX_8K/US.NYMEX.CME.REGULAR.FUT.8K.2018M01/SETTLE/ALL
2017-11-02,0.91,model://CME_NYMEX_8K/US.NYMEX.CME.REGULAR.FUT.8K.2018M01/SETTLE/ALL
2017-11-03,0.93125,model://CME_NYMEX_8K/US.NYMEX.CME.REGULAR.FUT.8K.2018M01/SETTLE/ALL
2017-11-06,0.93917,model://CME_NYMEX_8K/US.NYMEX.CME.REGULAR.FUT.8K.2018M01/SETTLE/ALL
2017-11-07,0.90438,model://CME_NYMEX_8K/US.NYMEX.CME.REGULAR.FUT.8K.2018M01/SETTLE/ALL
2017-11-08,0.9075,model://CME_NYMEX_8K/US.NYMEX.CME.REGULAR.FUT.8K.2018M01/SETTLE/ALL
2017-11-09,0.92563,model://CME_NYMEX_8K/US.NYMEX.CME.REGULAR.FUT.8K.2018M01/SETTLE/ALL
2017-11-10,0.93313,model://CME_NYMEX_8K/US.NYMEX.CME.REGULAR.FUT.8K.2018M01/SETTLE/ALL
2017-11-13,0.94625,model://CME_NYMEX_8K/US.NYMEX.CME.REGULAR.FUT.8K.2018M01/SETTLE/ALL
2017-11-14,0.93625,model://CME_NYMEX_8K/US.NYMEX.CME.REGULAR.FUT.8K.2018M01/SETTLE/ALL
2017-11-15,0.94938,model://CME_NYMEX_8K/US.NYMEX.CME.REGULAR.FUT.8K.2018M01/SETTLE/ALL
2017-11-16,0.9575,model://CME_NYMEX_8K/US.NYMEX.CME.REGULAR.FUT.8K.2018M01/SETTLE/ALL
2017-11-17,0.97125,model://CME_NYMEX_8K/US.NYMEX.CME.REGULAR.FUT.8K.2018M01/SETTLE/ALL
2017-11-20,0.96375,model://CME_NYMEX_8K/US.NYMEX.CME.REGULAR.FUT.8K.2018M01/SETTLE/ALL
2017-11-21,0.96917,model://CME_NYMEX_8K/US.NYMEX.CME.REGULAR.FUT.8K.2018M01/SETTLE/ALL
2017-11-22,0.97625,model://CME_NYMEX_8K/US.NYMEX.CME.REGULAR.FUT.8K.2018M01/SETTLE/ALL
2017-11-23,NaN,model://CME_NYMEX_8K/US.NYMEX.CME.REGULAR.FUT.8K.2018M01/SETTLE/ALL
2017-11-24,0.97625,model://CME_NYMEX_8K/US.NYMEX.CME.REGULAR.FUT.8K.2018M01/SETTLE/ALL
2017-11-27,0.98125,model://CME_NYMEX_8K/US.NYMEX.CME.REGULAR.FUT.8K.2018M01/SETTLE/ALL
2017-11-28,0.96875,model://CME_NYMEX_8K/US.NYMEX.CME.REGULAR.FUT.8K.2018M01/SETTLE/ALL
2017-11-29,0.95188,model://CME_NYMEX_8K/US.NYMEX.CME.REGULAR.FUT.8K.2018M01/SETTLE/ALL
2017-11-30,0.93188,model://CME_NYMEX_8K/US.NYMEX.CME.REGULAR.FUT.8K.2018M01/SETTLE/ALL
2017-12-01,0.9425,model://CME_NYMEX_8K/US.NYMEX.CME.REGULAR.FUT.8K.2018M01/SETTLE/ALL
2017-12-04,0.92563,model://CME_NYMEX_8K/US.NYMEX.CME.REGULAR.FUT.8K.2018M01/SETTLE/ALL
2017-12-05,0.93563,model://CME_NYMEX_8K/US.NYMEX.CME.REGULAR.FUT.8K.2018M01/SETTLE/ALL
2017-12-06,0.91688,model://CME_NYMEX_8K/US.NYMEX.CME.REGULAR.FUT.8K.2018M01/SETTLE/ALL
2017-12-07,0.92125,model://CME_NYMEX_8K/US.NYMEX.CME.REGULAR.FUT.8K.2018M01/SETTLE/ALL
2017-12-08,0.92125,model://CME_NYMEX_8K/US.NYMEX.CME.REGULAR.FUT.8K.2018M01/SETTLE/ALL
2017-12-11,0.90563,model://CME_NYMEX_8K/US.NYMEX.CME.REGULAR.FUT.8K.2018M01/SETTLE/ALL
2017-12-12,0.88125,model://CME_NYMEX_8K/US.NYMEX.CME.REGULAR.FUT.8K.2018M01/SETTLE/ALL
2017-12-13,0.865,model://CME_NYMEX_8K/US.NYMEX.CME.REGULAR.FUT.8K.2018M01/SETTLE/ALL
2017-12-14,0.835,model://CME_NYMEX_8K/US.NYMEX.CME.REGULAR.FUT.8K.2018M01/SETTLE/ALL
2017-12-15,0.84688,model://CME_NYMEX_8K/US.NYMEX.CME.REGULAR.FUT.8K.2018M01/SETTLE/ALL
2017-12-18,0.86063,model://CME_NYMEX_8K/US.NYMEX.CME.REGULAR.FUT.8K.2018M01/SETTLE/ALL
2017-12-19,0.8675,model://CME_NYMEX_8K/US.NYMEX.CME.REGULAR.FUT.8K.2018M01/SETTLE/ALL
2017-12-20,0.9025,model://CME_NYMEX_8K/US.NYMEX.CME.REGULAR.FUT.8K.2018M01/SETTLE/ALL
2017-12-21,0.90438,model://CME_NYMEX_8K/US.NYMEX.CME.REGULAR.FUT.8K.2018M01/SETTLE/ALL
2017-12-22,0.90313,model://CME_NYMEX_8K/US.NYMEX.CME.REGULAR.FUT.8K.2018M01/SETTLE/ALL
2017-12-25,NaN,model://CME_NYMEX_8K/US.NYMEX.CME.REGULAR.FUT.8K.2018M01/SETTLE/ALL
2017-12-26,0.91438,model://CME_NYMEX_8K/US.NYMEX.CME.REGULAR.FUT.8K.2018M01/SETTLE/ALL
2017-12-27,0.93063,model://CME_NYMEX_8K/US.NYMEX.CME.REGULAR.FUT.8K.2018M01/SETTLE/ALL
2017-12-28,0.9325,model://CME_NYMEX_8K/US.NYMEX.CME.REGULAR.FUT.8K.2018M01/SETTLE/ALL
2017-12-29,0.93625,model://CME_NYMEX_8K/US.NYMEX.CME.REGULAR.FUT.8K.2018M01/SETTLE/ALL
2018-01-01,NaN,model://CME_NYMEX_8K/US.NYMEX.CME.REGULAR.FUT.8K.2018M01/SETTLE/ALL
2018-01-02,0.95375,model://CME_NYMEX_8K/US.NYMEX.CME.REGULAR.FUT.8K.2018M01/SETTLE/ALL
2018-01-03,0.9631,model://CME_NYMEX_8K/US.NYMEX.CME.REGULAR.FUT.8K.2018M01/SETTLE/ALL
2018-01-04,0.93292,model://CME_NYMEX_8K/US.NYMEX.CME.REGULAR.FUT.8K.2018M01/SETTLE/ALL
2018-01-05,0.92872,model://CME_NYMEX_8K/US.NYMEX.CME.REGULAR.FUT.8K.2018M01/SETTLE/ALL
2018-01-08,0.92628,model://CME_NYMEX_8K/US.NYMEX.CME.REGULAR.FUT.8K.2018M01/SETTLE/ALL
2018-01-09,0.91926,model://CME_NYMEX_8K/US.NYMEX.CME.REGULAR.FUT.8K.2018M01/SETTLE/ALL
2018-01-10,0.87887,model://CME_NYMEX_8K/US.NYMEX.CME.REGULAR.FUT.8K.2018M01/SETTLE/ALL
2018-01-11,0.88402,model://CME_NYMEX_8K/US.NYMEX.CME.REGULAR.FUT.8K.2018M01/SETTLE/ALL
2018-01-12,0.89685,model://CME_NYMEX_8K/US.NYMEX.CME.REGULAR.FUT.8K.2018M01/SETTLE/ALL
2018-01-15,NaN,model://CME_NYMEX_8K/US.NYMEX.CME.REGULAR.FUT.8K.2018M01/SETTLE/ALL
2018-01-16,0.89721,model://CME_NYMEX_8K/US.NYMEX.CME.REGULAR.FUT.8K.2018M01/SETTLE/ALL
2018-01-17,0.90402,model://CME_NYMEX_8K/US.NYMEX.CME.REGULAR.FUT.8K.2018M01/SETTLE/ALL
2018-01-18,0.90318,model://CME_NYMEX_8K/US.NYMEX.CME.REGULAR.FUT.8K.2018M01/SETTLE/ALL
2018-01-19,0.89622,model://CME_NYMEX_8K/US.NYMEX.CME.REGULAR.FUT.8K.2018M01/SETTLE/ALL
2018-01-22,0.87429,model://CME_NYMEX_8K/US.NYMEX.CME.REGULAR.FUT.8K.2018M01/SETTLE/ALL
2018-01-23,0.86792,model://CME_NYMEX_8K/US.NYMEX.CME.REGULAR.FUT.8K.2018M01/SETTLE/ALL
2018-01-24,0.87143,model://CME_NYMEX_8K/US.NYMEX.CME.REGULAR.FUT.8K.2018M01/SETTLE/ALL
2018-01-25,0.86321,model://CME_NYMEX_8K/US.NYMEX.CME.REGULAR.FUT.8K.2018M01/SETTLE/ALL
2018-01-26,0.86458,model://CME_NYMEX_8K/US.NYMEX.CME.REGULAR.FUT.8K.2018M01/SETTLE/ALL
2018-01-29,0.86735,model://CME_NYMEX_8K/US.NYMEX.CME.REGULAR.FUT.8K.2018M01/SETTLE/ALL
2018-01-30,0.86774,model://CME_NYMEX_8K/US.NYMEX.CME.REGULAR.FUT.8K.2018M01/SETTLE/ALL
2018-01-31,0.86747,model://CME_NYMEX_8K/US.NYMEX.CME.REGULAR.FUT.8K.2018M01/SETTLE/ALL
